{"cameraMode":{"drawMode":0,"name":"Shaded","section":"Shading Mode"},"sceneLighting":false,"audioPlay":false,"sceneViewState":{"m_AlwaysRefresh":false,"showFog":true,"showSkybox":false,"showFlares":true,"showImageEffects":true,"showParticleSystems":true,"showVisualEffectGraphs":true,"m_FxEnabled":true},"in2DMode":false,"pivot":{"x":-3.5580568313598635,"y":-3.3197216987609865,"z":1.4675238132476807},"rotation":{"x":0.18466795980930329,"y":-0.5228644609451294,"z":0.11719726026058197,"w":0.8238778114318848},"size":1.5031087398529053,"orthographic":false}