{"cameraMode":{"drawMode":0,"name":"Shaded","section":"Shading Mode"},"sceneLighting":true,"audioPlay":false,"sceneViewState":{"m_AlwaysRefresh":false,"showFog":true,"showSkybox":true,"showFlares":true,"showImageEffects":true,"showParticleSystems":true,"showVisualEffectGraphs":true,"m_FxEnabled":true},"in2DMode":false,"pivot":{"x":0.13873600959777833,"y":-2.8338875770568849,"z":2.1125845909118654},"rotation":{"x":0.15732139348983766,"y":-0.15192361176013947,"z":0.024503149092197419,"w":0.9754864573478699},"size":9.631092071533204,"orthographic":false}