{"cameraMode":{"drawMode":0,"name":"Shaded","section":"Shading Mode"},"sceneLighting":false,"audioPlay":false,"sceneViewState":{"m_AlwaysRefresh":false,"showFog":true,"showSkybox":false,"showFlares":true,"showImageEffects":true,"showParticleSystems":true,"showVisualEffectGraphs":true,"m_FxEnabled":true},"in2DMode":false,"pivot":{"x":929.2692260742188,"y":542.1094970703125,"z":37.14463806152344},"rotation":{"x":0.05037693679332733,"y":0.0014978719409555197,"z":-0.00007419481698889285,"w":0.9987318515777588},"size":1.2247449159622193,"orthographic":false}