{"cameraMode":{"drawMode":0,"name":"Shaded","section":"Shading Mode"},"sceneLighting":false,"audioPlay":false,"sceneViewState":{"m_AlwaysRefresh":false,"showFog":true,"showSkybox":false,"showFlares":true,"showImageEffects":true,"showParticleSystems":true,"showVisualEffectGraphs":true,"m_FxEnabled":true},"in2DMode":false,"pivot":{"x":934.4253540039063,"y":466.38616943359377,"z":-36.80642318725586},"rotation":{"x":-0.05578043684363365,"y":-0.0038966552820056679,"z":0.00021769666636828333,"w":-0.9984398484230042},"size":279.8643798828125,"orthographic":false}