{"cameraMode":{"drawMode":0,"name":"Shaded","section":"Shading Mode"},"sceneLighting":false,"audioPlay":false,"sceneViewState":{"m_AlwaysRefresh":false,"showFog":true,"showSkybox":false,"showFlares":true,"showImageEffects":true,"showParticleSystems":true,"showVisualEffectGraphs":true,"m_FxEnabled":true},"in2DMode":false,"pivot":{"x":-2.7171592712402345,"y":-2.808912515640259,"z":0.9176551699638367},"rotation":{"x":-0.009438147768378258,"y":-0.98587566614151,"z":0.059529803693294528,"w":-0.15627802908420564},"size":0.0262298583984375,"orthographic":false}