{"cameraMode":{"drawMode":0,"name":"Shaded","section":"Shading Mode"},"sceneLighting":false,"audioPlay":false,"sceneViewState":{"m_AlwaysRefresh":false,"showFog":true,"showSkybox":false,"showFlares":true,"showImageEffects":true,"showParticleSystems":true,"showVisualEffectGraphs":true,"m_FxEnabled":true},"in2DMode":false,"pivot":{"x":-2.630099058151245,"y":-2.9189233779907228,"z":0.8403681516647339},"rotation":{"x":0.10401841253042221,"y":0.3417212963104248,"z":-0.03808754310011864,"w":0.9332508444786072},"size":0.5130261182785034,"orthographic":false}