{"cameraMode":{"drawMode":0,"name":"Shaded","section":"Shading Mode"},"sceneLighting":false,"audioPlay":false,"sceneViewState":{"m_AlwaysRefresh":false,"showFog":true,"showSkybox":false,"showFlares":true,"showImageEffects":true,"showParticleSystems":true,"showVisualEffectGraphs":true,"m_FxEnabled":true},"in2DMode":false,"pivot":{"x":1826.4832763671875,"y":773.8350830078125,"z":31.219547271728517},"rotation":{"x":0.010679452680051327,"y":-0.9892909526824951,"z":0.1072714701294899,"w":0.09855512529611588},"size":4.330127239227295,"orthographic":false}